u_x,u_y
0.0,-1.1562325339698174
5.963600442996629,0.0
21.520509304668828,0.0
20.87645643576802,-10.0305405575498
0.0,-10.644091696174245
1.2142437542212259,-1.1503581776771377
2.37072445101895,-1.1268037515007936
3.3851756226548284,-1.070693106112189
4.247045560156483,-0.9480551440748358
4.93804832299362,-0.7513668108131762
5.469919203981298,-0.5118618122470268
5.808154755552845,-0.25618312550079964
6.013426939161042,0.0
6.0922105397875885,0.0
6.215267305005206,0.0
6.386954630463303,0.0
6.609133279276232,0.0
6.873708218274484,0.0
7.17175182961941,0.0
7.50225127033082,0.0
7.861800891678924,0.0
8.248866330045425,0.0
8.660202697057645,0.0
9.093526262636829,0.0
9.548104134962925,0.0
10.022694547559563,0.0
10.516274330989374,0.0
11.027932250171405,0.0
11.557581098168027,0.0
12.10448913948835,0.0
12.668718175785715,0.0
13.249811823178323,0.0
13.847581195854696,0.0
14.462114311738715,0.0
15.093405817068634,0.0
15.741322071964653,0.0
16.405844894893555,0.0
17.086910603413372,0.0
17.784771158935076,0.0
18.49924636359408,0.0
19.23031191915915,0.0
19.978031328688026,0.0
20.741252762893957,0.0
21.517729607089528,-0.38553516243969194
21.510747517229145,-0.7718594350789657
21.498928108192498,-1.1588769370662977
21.48277982967598,-1.546805523012909
21.46242420923838,-1.9359048033380375
21.438918072870152,-2.3268331477350497
21.411439501653046,-2.71921546236574
21.381845662051685,-3.113547353038541
21.349738679388782,-3.5096983480257125
21.315792900433657,-3.907679281901879
21.280818201040738,-4.307727118319197
21.245171817957164,-4.709674471857307
21.20933806903597,-5.113104321873924
21.173660724383584,-5.518183061815829
21.13821793313567,-5.924861519977204
21.104024026441092,-6.332754466114993
21.070815402357425,-6.741783093392433
21.03886899719748,-7.151824487013742
21.008578991069825,-7.562635950034883
20.98022665323623,-7.974021853891823
20.954013676584278,-8.385747665595925
20.930022876726124,-8.797568862072763
20.908675056676696,-9.209320166159301
20.890139669537817,-9.62046827456509
20.046945352030228,-10.044990454353037
19.215745698900324,-10.06333063267238
18.383449414513116,-10.08330622707897
17.54999112511227,-10.104367056147199
16.71522513203596,-10.126201394535475
15.87900288720094,-10.148782100238503
15.041308369356745,-10.172247139272748
14.20214619002463,-10.196471710297622
13.361565321502953,-10.22176093559387
12.519816906806675,-10.24859429764025
11.677013278027147,-10.276748449949615
10.833657508197653,-10.306411327713759
9.990099205528937,-10.3374228596716
9.14670722035086,-10.369859725202087
8.304173424702295,-10.403400198829434
7.4630165053613,-10.437796809788479
6.623746966599856,-10.47210948647192
5.7868671282297885,-10.505341634780326
4.952878522167776,-10.538023344018717
4.1213328254450445,-10.567151641426802
3.292825291431605,-10.593065146444099
2.4671379503875217,-10.614740289983551
1.6434044951087496,-10.630453224443126
0.8211347404549191,-10.64024357690261
0.0,-10.251738716003533
0.0,-9.867248388283116
0.0,-9.490595747727134
0.0,-9.121853929158767
0.0,-8.76122184268385
0.0,-8.408651629263217
0.0,-8.064139496898077
0.0,-7.727633004772141
0.0,-7.399151113047527
0.0,-7.078474376464085
0.0,-6.765623582158934
0.0,-6.460600925661395
0.0,-6.163074146970257
0.0,-5.873101190784261
0.0,-5.590499772010138
0.0,-5.315470671864165
0.0,-5.0477433718066775
0.0,-4.787079685723534
0.0,-4.533370573127427
0.0,-4.28637462645175
0.0,-4.0461337102248915
0.0,-3.8124705760575774
0.0,-3.584040133497437
0.0,-3.3599938991190217
0.0,-3.139129366706481
0.0,-2.918498838019106
0.0,-2.693461262593958
0.0,-2.457841953153413
0.0,-2.20224710745899
0.0,-1.912686986455662
0.0,-1.5735847390391928
11.219348011867785,-0.2170915146708866
0.4984290760086511,-5.444006937194159
8.851493362166677,-0.19377827086933266
0.4763655228494665,-4.143195189072575
20.573998882095914,-4.929461940831631
9.617473345240576,-10.002321287476294
14.183768544778253,-0.24038682906847111
0.44044154648728506,-3.007483403140515
0.538646846173858,-6.902456267519983
6.999298457661086,-0.12726159988849092
12.970163065523689,-9.838437879787929
20.67334062117357,-3.337818448878802
20.325449346485133,-6.562763528914434
6.172762105904603,-10.139947717064498
4.419725493912799,-0.7289607121774256
16.706094449135133,-0.3069866630517723
0.5774767436729104,-8.238872635197012
16.31771166466783,-9.781358977935868
20.65191116802313,-2.1308993279362998
0.4998443303846332,-2.3286059407420834
20.293230615682997,-7.801287500895692
3.733431778982237,-10.255207349017141
6.234203895306182,-0.07201251693898728
18.843881959786255,-0.2952426732315777
2.609373703389934,-1.3000451375465807
0.614632479651766,-9.292157928462538
15.472302240357344,-0.28094400293761984
0.5774296222512404,-7.564132415614138
12.408761814155639,-0.22003984905834847
0.6143862244662948,-6.023891865577481
9.80933766570218,-0.18716107871297885
0.4740704896225159,-4.653394864755936
7.664495780760507,-0.14752781245454766
0.4793490742318095,-3.4656226425160117
20.812021451958362,-1.337263979517661
11.248451065794173,-9.939060577494939
7.863316036511685,-10.085595907870335
20.44954171946634,-5.766540808322904
20.499998702794542,-4.160624931595345
14.619749927928364,-9.840170033893665
17.98067371865988,-9.737696259828626
20.223154956628118,-8.606885127378733
2.0870934856178076,-10.260751953456758
5.607185163215761,-0.23530962294617222
0.6736910756448575,-1.7958197157659461
20.815029816563644,-0.5826922165041531
20.105010420742538,-9.394182345347552
0.6685716161811207,-10.057300678278498
3.5262818768625865,-1.0637281899366862
3.8374128014711246,-0.9473945931344738
4.442764346397064,-0.6855391391134313
4.113156762237512,-0.8870468360506495
3.4009897488121035,-1.2090718138438523
3.812104498156575,-1.146482713014262
4.512145396521586,-0.8534856873583102
4.2410971888726605,-1.139751796026544
3.616460959819948,-1.419497314000981
4.10594121568612,-1.4042050571163232
4.672153011005327,-1.1662043149775398
4.585130613058084,-1.4225408409154867
4.003853117017959,-1.6876045340583048
4.501720521548444,-1.7096596007733655
5.070347416275985,-1.4619760882892296
5.001528558817223,-1.7540466348750339
5.543386660029932,-1.5301169896544746
5.4997000040212365,-1.8178832520827322
4.9699411757234495,-2.0412689661030847
5.486737483948338,-2.1059791026592602
5.968814466192003,-1.8958362665427677
5.997216702896492,-2.1817200306722997
5.462956128200003,-2.3903680392584024
5.98735454377247,-2.4721589123661256
6.514304757934073,-2.267580157529942
6.553837701788762,-2.552603632141656
5.994802562676743,-2.7670837861779467
6.596959684028253,-2.852043996924117
7.102475827192856,-2.6397641116009596
7.1612893252888625,-2.9330232707384667
6.643701960195818,-3.1612301016514692
7.218106669584664,-3.2390644154821886
7.73466302842779,-3.0117066370711947
7.797067315875125,-3.3208704343534032
8.310715888704772,-3.095973788313976
8.382327975962072,-3.4069906037974564
7.869791806471437,-3.6715872758338883
8.457887379582937,-3.7210730527010827
8.978337660508666,-3.492765551163806
9.061244153820317,-3.8098195021220884
8.537827593200776,-4.04261083321152
9.152003055595037,-4.131548141636115
8.658027547684759,-4.365022967770502
9.254100994791125,-4.456434658663163
9.581733556046213,-3.5811861453771865
8.72053046846078,-4.698849523425707
9.352543990519953,-4.786198239631792
8.813221525424261,-5.032588015299318
9.45923650838767,-5.119246845252321
9.997958372740275,-4.872249213873513
10.109919369997119,-5.20841298429759
10.653933552145961,-4.959827964995141
10.767437318098889,-5.299813598665889
8.917538923768198,-5.369253477331664
11.32142861390475,-5.047367945543792
11.434314830029603,-5.393705891145521
11.99316371945225,-5.139787484004083
12.10787338453765,-5.489939068598874
8.264441004538487,-5.285109440696769
8.372352141177263,-5.622581232005133
11.546815761904725,-5.7434915464756875
12.228964724202871,-5.840687428021739
7.711716422639725,-5.542881114184877
7.826360175031438,-5.880256505358063
12.664894060130676,-5.238782511157297
12.548610163189997,-4.8880181761125545
11.660655996082182,-6.0981746725582
12.353407944834695,-6.194493725580124
13.218212112366741,-4.983387879950451
13.107027969870412,-4.636425139065634
7.162226406145495,-5.803982773543134
7.283894239984637,-6.141548026250752
11.781237352497847,-6.455131225312048
12.482592315178437,-6.5521243170196675
13.777344499049606,-4.733250536089208
13.66697181851271,-4.386673445967555
6.619125009681337,-6.065222704188788
6.7346291421052715,-6.403864270296802
6.497543306109163,-5.730883748675237
14.345601053092423,-4.489363464458564
14.228510163779298,-4.13934743259341
14.49624716937361,-4.811425711474809
11.900587786031478,-6.818151117880763
12.614150501322731,-6.913486529622596
5.959430277102186,-5.9915031866408635
5.838550766119517,-5.661331256646114
13.194574274072794,-6.646957321330324
13.332570023124765,-7.0078901747488915
13.92011391603517,-6.738034959057454
14.055845287661464,-7.106429073551526
14.908412484311782,-4.243289159116862
14.787493345905537,-3.895266881610772
14.112458170695591,-3.791491530050523
14.663766854297917,-3.5508011278494274
13.99937696043012,-3.448048972042129
14.541214257230372,-3.2103244679835887
13.88655764009601,-3.108467061640572
14.450164176584268,-2.890549721755645
13.847493945702805,-2.7460066313723606
15.08274301001781,-2.9785971102611057
5.30876153438496,-5.920965173144184
5.187606546866495,-5.597991110332562
7.415956879160608,-6.479361791428675
6.857307416682633,-6.746688112344925
7.552050815672852,-6.822666197780161
6.993411681832079,-7.091699313347493
7.685228912263629,-7.1727124727433935
6.299780870134802,-7.013878159926685
6.436006141524127,-7.359923464715514
5.744725596621212,-7.281844529670294
14.9696662588043,-2.649405283044619
14.649492413422719,-6.8323826372817065
14.784212174450689,-7.208671971628738
5.881750594419319,-7.628331579759291
12.03110435967398,-7.181520120926587
15.609740052016559,-2.739351649227842
15.471996273929111,-3.9966521562141404
5.189607869277094,-7.548355490328671
15.470080075840714,-2.3968687013046748
4.667263200293806,-5.8548250213828155
4.549405958414002,-5.5382523000552295
5.061786094811291,-5.280724956942919
4.425599796889504,-5.224964701221355
5.32723824575195,-7.896057284263535
6.043940817938683,-7.954650349017217
15.381528690577444,-6.933907525757112
15.52017554879982,-7.310924812391824
16.13952395244833,-2.5001170788077802
14.187011640778938,-7.479160161003081
16.013319667209547,-2.167354438170797
15.311796676107972,-2.041671833267816
4.642475142254096,-7.821297899381595
4.401791066971002,-7.472092867547752
4.936932341984601,-4.9682937204254
4.318788800451332,-4.9146679247780645
13.258479786870232,-2.998583265890589
13.13798792546038,-2.6740916797869114
4.77406337632509,-8.164762884117367
16.684368201416206,-2.2675104041888647
16.839398728759953,-2.5832798434592346
4.0444106979517835,-5.789461740132171
16.11836006267107,-7.037306194475605
15.979837214285274,-6.659557162915205
16.261064829994282,-7.413862183016184
16.5492659349249,-1.9309694348056474
4.823734047584457,-4.6599828273849
4.207660935905774,-4.613199058001178
3.7131904077334856,-4.865001583981848
3.600984918075127,-4.570794402484022
4.097479045059555,-4.3167678697386425
3.500653726748835,-4.281457572824509
17.22490790413189,-2.030110687837201
12.619337021194118,-2.897111251927351
12.516746769016146,-2.5750566015019145
13.020579145782689,-2.357544070302433
12.419521580050114,-2.2591577857301908
12.910914685907533,-2.0470091249072877
12.321710317901927,-1.9501966786481701
11.83172605823905,-2.154933456937087
11.743948179175373,-1.8492591660806066
11.258358373408461,-2.0506423773661977
11.169351955155655,-1.7561717948233937
10.69257159196824,-1.952448382594273
10.615037241123485,-1.6613307841936467
10.14372518341755,-1.852670382677543
10.078899679766357,-1.5682955787473993
12.808524487965627,-1.741291152073216
9.624191709506169,-1.740266750719828
9.55367475520438,-1.4738797609171432
11.312216445422019,-7.087265469985513
11.445569214753297,-7.451908748313286
4.086200206234343,-8.087877120855547
4.218651323674245,-8.432086589865538
5.443194210877089,-4.7112861631756635
3.9908160057197373,-4.024126937481489
3.405140603654163,-3.994190676185892
9.109127175958582,-1.6381822588711528
9.047329490718111,-1.3798517880755912
10.001633271774516,-1.2956887799909362
3.1162926777720052,-4.821465758553979
16.71851752200572,-6.762099285772339
16.577835549701792,-6.386813862493449
12.9935896230675,-4.28535651451633
11.07910489840477,-1.4702517616658695
15.841658324862863,-6.284291966845064
16.437816481480255,-6.013873660335004
4.157784076711692,-6.10553362051287
3.5341123873558975,-6.038943670692395
8.249439179834313,-6.901064896909714
8.370011414527818,-7.248269629665766
10.762579905165413,-2.253339793214042
17.083324821954808,-1.6826987600513
16.40071873682797,-1.586512238142167
5.622535090427846,-1.2464353253276013
15.656371083031129,-7.690524016610619
16.405452899538428,-7.7931570421108765
15.793927476537002,-8.073578966097685
16.552962067960404,-8.176258585435281
17.00716995544626,-7.515429064611324
9.766285686365359,-4.220380322644777
9.052033362182119,-5.695671344237047
3.89501062130531,-3.734414825221747
3.317550676885241,-3.7108236247222175
6.067336531452935,-1.3326865801654484
6.139095200460069,-1.0666626883206778
6.5588464736722,-1.1598227987046046
15.595299144586994,-4.348448592146963
16.167775572186187,-4.094945477400655
16.29184948073541,-4.454486493039908
16.871552505526303,-4.19553518305004
17.012824992846113,-4.540410322588373
3.64587671269453,-6.3497111211677035
3.9354352617737254,-1.97732348351322
3.4199648654077888,-1.9777845409438388
3.3841756480473615,-2.2602183665537208
13.348205978122143,-5.313624404474252
4.890768535425972,-8.507305523486037
2.9308652093709067,-4.255279526521344
2.8497915845414408,-2.2810972683347774
2.8499761084439705,-2.549220754581802
3.3901435872474033,-2.536608461737666
3.0240629572798987,-6.283388602722404
3.1505238784044214,-6.5863342620734375
2.923572614239181,-5.968944630950816
8.597917560640438,-1.5476870273128667
8.558196861509115,-1.2868375738868194
3.5119240493332335,-8.346755847393746
3.354779400924143,-8.017368476491193
3.658740757719969,-8.697144899430063
6.619777530244049,-0.9100412054435868
6.252124100650412,-0.8122272072327186
17.766163260960415,-1.7879927816236507
17.910642442885912,-2.1331226203147167
17.17617219306308,-6.11386480508947
4.587037088014391,-4.058997446967557
2.8810138161750456,-2.812713027726288
8.998051124173154,-1.1209020009550703
8.531684529150368,-1.030722373460638
6.699684379045287,-3.4717465589686576
8.03354188121214,-4.577042269789112
11.101580559385491,-6.357351186933559
17.583180967803727,-4.296609143573197
17.44772262989149,-3.935069708171003
17.712628249313457,-4.663588347870646
9.626316529025996,-2.0545714328642033
3.8272682278371097,-3.4524827013408736
17.617693401843166,-1.4241184321049813
2.9476804460299886,-8.607748404851272
9.498006571407428,-3.2649057311811855
10.099898261105011,-3.3557962899724822
3.0972883196958443,-8.961572787733875
3.811937830977505,-9.053358002153875
15.939963746894348,-8.458561795158182
15.177540775518498,-8.355042114267043
8.12003677654778,-1.4332524515649832
8.661289648006482,-1.836906695356958
2.3438268507507,-2.828414249514705
2.396669700446533,-3.0791555055837945
4.248450965068047,-6.423568173669244
16.70354931556153,-8.561135225364865
17.317789652969417,-8.277577758954452
15.704029423700888,-5.9134548249097785
12.721023223825545,-3.22757383359666
18.466916006430655,-1.8835248913630505
18.621385430640096,-2.2233643775134087
2.4099144275800715,-6.212607747617399
2.3020246016364094,-5.908014292039329
6.371388041294942,-5.3989904125929495
11.998322632091396,-2.7946708634156425
11.208434103350951,-4.712978548513503
13.38423281895313,-1.8280747486908202
13.290709289384504,-1.5306907022142582
12.702446019393346,-1.4394007956226393
13.169370082288541,-1.2338977946111347
13.758765174614444,-1.3218099131889887
12.594513495565508,-1.1432269292107742
10.72524621019117,-7.357852893735667
10.856303245537982,-7.7264144300108635
11.584892331419473,-7.821329462849625
10.990850472843942,-8.098174280223692
11.727111346247245,-8.193788302581831
10.2563320015045,-8.00334592041159
10.392913686096195,-8.376695323229876
9.651109658956537,-8.284513388278082
9.79020907648567,-8.657424334678494
9.046708111301946,-8.567161885484063
10.54303157487571,-8.730037215205114
18.162097012764747,-4.038934817101617
18.025547248767083,-3.674070759091419
8.266361589687964,-2.781181203123158
4.394350394175977,-3.474944512696372
16.032905194163227,-3.7453440642575635
8.947399824257063,-0.8718453878286317
8.50039052043697,-0.7876987141020501
6.994371757312391,-1.006922625400163
7.056686952810146,-0.7698858002766448
7.817502704670158,-7.510358256857673
13.792175042752508,-6.361713438504483
13.047462870832192,-0.9418821006890578
8.91176528318528,-6.987962208803488
16.44449142460983,-4.831320846716338
9.188478228215427,-8.941267517098952
8.447086632528976,-8.850843549290461
17.47549164822282,-8.659131306043742
17.034557408403323,-5.739134958890422
17.775120854504937,-5.837834411379093
17.918831026535226,-6.215006059533663
18.075300641539453,-8.379933791364486
18.19410638548994,-8.777348617427483
3.2286858162368754,-5.109323793006754
2.636412838775458,-5.0677734949908215
8.302979143090173,-8.477395088960742
7.705616069380122,-8.760633455555672
6.109989464483581,-3.388034464832463
6.178840473606824,-3.7125049191917814
15.323957019950852,-8.742118229216121
14.572165147418255,-8.631946501099106
1.8711338061467824,-3.0858560807736937
1.9376108146909226,-3.327116244202118
1.8209612779178566,-2.8440539115491905
4.368955996657462,-3.1776096466635577
3.240081904039552,-9.323547009291158
10.016936244565946,-3.0403615345327846
18.737392788868938,-3.777389710019058
18.59244458438884,-3.414823800024608
2.3902197099588576,-8.865895579162638
6.989336589602939,-1.2557647826572451
5.60786236378942,-6.938451710357495
2.2419819171659743,-8.514735897526347
12.323990223345637,-7.915426592714933
12.453344206621747,-8.29282436640007
8.809026811814267,-6.629756351186665
18.886995613458055,-4.141873893586689
9.058246638569518,-7.366921020674989
17.88357657575435,-3.3114748159104725
3.9731293460385126,-9.430372435248948
7.568181240327199,-8.388635639896835
6.971734826281081,-8.670651275774883
7.110774457977112,-9.043182441724724
6.373449777323109,-8.952821434523198
18.48265982449385,-5.942583764729645
18.3695704477988,-5.560839991456886
12.480520434709213,-0.8548980699133543
2.457871898171046,-3.3271923501907867
1.9995392471538416,-3.567170863020165
18.622961704210432,-6.322357529407711
3.4215700339204034,-2.8111108777455507
10.617368823468471,-3.134334573019962
10.70723336108737,-3.4527876142892207
12.03539896146148,-1.0510113288980332
11.928420134604416,-0.7707658846426797
11.48332952995597,-0.9681712292652541
1.4873260902943233,-3.558187548528739
1.5715334812828652,-3.796430079029045
2.150150850949453,-3.803214108407057
1.6784982198440093,-4.026450566727065
7.4229020118614875,-0.8882267055019717
7.434034677185397,-0.6455431796646689
7.093833339076189,-0.5515267932841121
9.428205253854253,-6.7430232879759116
18.47425780668626,-3.0595595683407057
2.888355030994454,-2.0086011545585825
19.175775805162033,-1.9814363690475632
19.020569354343934,-1.6283908777439413
19.32789581447219,-2.330989942455886
1.8028998559619147,-6.140416097038869
1.9188900776281668,-6.439891933398139
1.68493816039301,-5.8476834287575885
2.5330728663562887,-4.778329215974174
2.0603496623901743,-5.017887000113366
1.9574855648580918,-4.736600140458009
1.510910721679199,-4.944110669472631
1.5964199426645593,-5.220031476245937
13.44447983995952,-3.6875714121142784
8.58990948591017,-9.228346345491907
2.3242128308419003,-2.314956838436659
2.369921393934522,-2.059736207733944
1.813044701977164,-2.349057660557555
1.832102773309899,-2.111155571264751
1.6913105479205734,-8.765666722479054
5.336456626163115,-4.401282910080617
5.9583625669098454,-4.4554055060247615
7.605816684013761,-5.2038771469327765
9.413738486192305,-0.9566753508837972
9.344843621407861,-0.7120053002712399
9.812456051961833,-0.7926477827787011
14.426176957962587,-8.25657709103749
9.419545047676632,-2.948952224836393
6.061371077822725,-4.769805268680889
6.580442533400971,-4.5166391040041995
16.893049811046783,-8.903214464907709
17.91789273815826,-7.998485748800168
19.192869214259915,-3.1447519783214704
4.908810270820928,-3.2150972897668564
18.05734908883218,-6.596082609760624
18.80779319251203,-6.698881864597743
1.357240817171614,-6.353866792954707
11.867065468644453,-8.571704274654978
12.592248515896735,-8.682121666084925
12.004834712264973,-8.95670834506554
12.75907093383621,-9.065278688069585
5.4177212924197695,-6.2476927856056825
6.514103428326479,-9.337086012968891
5.814711383365789,-9.257548848947478
4.9749808914432645,-3.5273857578299097
12.92033675292953,-5.92526766169499
9.370479323284695,-6.366881787071434
6.82956523576863,-3.738427737666594
15.747486242121424,-3.061209953181524
10.221777611709715,-5.543813711127536
18.203361946594594,-6.974323760410195
18.963553190211922,-7.081373036444601
18.756408169693813,-8.112157933908403
1.0608107452581257,-3.7643022207184105
1.3606298429497037,-3.0908566414367638
14.736011190157553,-9.012112740968599
12.916038928232922,-0.6684813092547689
13.559816571710638,-0.7221221101917421
9.9341189735701,-2.7293449986276777
9.352269366155562,-2.6324147544901706
3.928325241136471,-2.5430599773643094
13.02273640929025,-8.025829397572767
15.539378397242192,-9.101069742960938
2.184330267987554,-5.616518596079085
2.425364484386852,-1.8173822566324347
1.9185480462371192,-1.8578245792573183
1.8439653047591096,-9.135900724571531
7.255593897901224,-9.421383406344127
6.68502935370107,-4.835521215900488
11.200898299538945,-3.236395577272533
11.31280650660117,-3.560134850309919
10.796414256881027,-3.775463524280773
11.411937471968265,-3.8730896796619003
10.889846408689825,-4.1035836927921086
11.384497526281026,-0.6959270640471714
10.856721454168813,-0.882933456258464
10.907553042238161,-0.6032479577837918
9.28178532476372,-9.308231248467125
1.340483722905256,-2.843983417804897
18.103232448629694,-2.438473879643185
15.109021835811545,-6.181887979835667
14.979785655205543,-5.811463011622949
15.566805016663752,-5.5471355967430425
14.860123713436804,-5.452492134459092
14.246025515565544,-5.720706518603138
12.165509727307846,-9.324747168880114
11.300735616525603,-9.22509452058828
8.157189994653525,-8.11935232035392
1.413498655448502,-4.686687712125456
1.8665337545414429,-4.479895951706257
1.2917270428698604,-4.424128240936451
11.904771644307152,-3.659944447274488
6.2651743563709585,-8.600682158111752
8.668327134589637,-6.288902453672853
10.593879361311169,-6.990729036608998
19.429260738251408,-3.8614016698791156
19.151412350052187,-5.699767729635728
18.974508252399115,-5.298882920095758
11.5628389114962,-4.175604791920683
9.529389648305495,-7.919251074472902
1.4617883586290266,-6.656631205575171
2.045099638032333,-6.742095880916992
1.5769310610609182,-6.962569402355588
2.175632001689546,-7.050039848212055
1.6814601741983413,-7.268073741250158
2.311935455501943,-7.35658283678769
1.8073874729327064,-7.550204202171147
2.8151981921065015,-7.127685517518884
2.948931723319515,-7.448421738948919
3.472001919436935,-7.203312783730182
19.70711523466397,-1.730639810597354
19.54765711818476,-1.374717089058118
18.850247193539047,-1.273202501482375
19.398210352659007,-1.018639234368863
18.686263402503954,-0.9194291876974265
4.90572309840777,-2.906741630414367
4.519902283711468,-9.143521777564727
4.702912943649178,-9.50647069784749
12.89099096339616,-7.643667623947764
15.405901105555161,-5.209693390097881
13.264735849028538,-0.4593460713111137
18.350476662867745,-7.361329140485852
19.05071211128884,-7.472393659193579
19.656560424701297,-7.225941186348752
1.3095493197046897,-2.381158398720365
2.1865585753479686,-4.070682567547767
7.4566367545295735,-0.4410891347029942
7.779345546726633,-0.5495210019511134
18.245938354085766,-5.196537869969628
18.92804821566806,-4.9361805629866495
3.235780627864802,-3.428647279554267
3.3836366205862123,-9.690704188656929
2.667973810968719,-9.588962647299589
7.443791179835225,-8.055499362809602
3.9244056600633606,-2.835847701747316
4.442868006358984,-2.5594585501626486
11.109697669520768,-2.911149994058328
7.117257316071464,-0.37089616643540346
6.767973455599483,-0.46562651881914896
19.682883967443903,-5.369412574727994
13.862963455318646,-8.527828392448829
5.911360034751398,-9.609745065212374
9.72380863761221,-0.5596689928488089
9.258619723887707,-0.4879485593648843
1.5751573504778642,-8.431668334312231
2.1124900337112886,-8.178613172921812
8.730285585832524,-9.610292776804224
8.105765962839522,-0.9471889361811768
11.809740306859851,-0.5057466684689557
17.759548855030967,-2.9776529049938123
17.18866755216594,-3.2195190929992843
0.9231431146166776,-4.87797102233767
1.0464894528865192,-8.68126781529424
16.192943338076052,-5.230923444366359
5.130399274223811,-0.45065159476193883
5.40175141994705,-0.27896696098251794
5.841365377968554,-0.12091478481696002
5.662262819669507,-0.23381223014715424
5.216031239942875,-0.3998966252696021
5.566750721307931,-0.37570212112461104
5.944893447184385,-0.23670102259290238
5.898972478608697,-0.3822895115981521
5.498048875768012,-0.5525699415210342
6.261498033829711,-0.2650807888138083
5.900965153035303,-0.5589773078124094
5.536471662671962,-0.7459248161480717
9.844196310000482,-2.416542795755256
9.987677262773513,-6.484727800276982
9.86325990016926,-6.111468924615235
1.7399583397070841,-1.4172435125634957
1.2937386048606272,-8.105902277218858
3.6056982572744154,-7.531148148874539
7.257540380847155,-4.5694612660550655
7.1294309653481065,-4.267714025866481
2.582651246733785,-1.5733357091888083
19.655855362124534,-4.179972839997169
5.849699265325513,-4.149635521169984
10.167461158345914,-0.6328840725183814
10.290213771805675,-0.8767689388361154
2.7518761892761994,-5.345049790425971
3.3412831277624844,-5.40343327739042
19.48594984770933,-6.369677055902787
0.897038339450154,-6.563052523570819
19.029823554945143,-2.8247565713903056
19.781701083183815,-2.899295255172066
5.510231271899437,-3.302395317491684
9.913546197732266,-7.280062112222391
1.5241566321143682,-5.521677673351056
1.0840670718681389,-5.789305748932267
5.583392972542679,-3.617217109963924
2.758846622363255,-9.955311920871194
1.0767423419748308,-7.133399542919913
2.0527983566755728,-1.60123291928487
1.279388777331402,-1.9205744850003543
11.570887012202851,-1.2533098221662786
19.215453141782508,-0.6051121412863637
20.057435400655482,-0.7480554420166877
3.084843652921198,-1.4918097524992089
19.824544276971476,-0.4045813662166805
2.745897466332041,-3.707309631663634
0.9834936283795764,-3.5288112412186194
1.327986504536145,-2.1598674534863855
6.829244095404785,-0.270295940457185
6.500256288779926,-0.3637537566726879
2.834870064647358,-5.653902627414472
9.291808546329781,-2.326465678822943
9.003876718757812,-2.0851481492356636
8.44026058776255,-2.141901991191517
8.041121801442825,-1.9536140746067887
7.81155611540035,-2.228329204638772
7.453165275883726,-2.0481231624650778
7.6548733156183655,-1.7627834153288138
7.099737342613285,-1.856398755789448
7.2934491443346205,-1.607687927090584
6.761723258199572,-1.674075604318033
8.18968882853597,-2.4574463580659707
0.49111629381751803,-3.7247163697329944
6.320894934916047,-0.5654119699690103
1.3233192836817098,-2.604242982161444
0.8623931109116949,-2.6093899192320835
2.0787640597456747,-9.865508627502338
8.07543239212144,-0.7048790446420766
8.475811786111423,-0.5578762862600302
3.37173332613929,-3.108008116956939
12.919288423197502,-9.421907489783884
13.543013035544936,-9.149346484941042
13.617333267024266,-9.527037342859058
14.08832947943815,-5.388929054408295
7.6543066959249595,-4.3355450763415515
7.642980639174879,-4.030102876540735
2.934883052895876,-1.3090218918025465
5.2009918728480615,-4.110978079246677
2.800315852990876,-8.264832745953315
2.645323075918037,-7.950155810525389
18.153594027413458,-1.173385911659127
17.980367806153,-0.8285696099731701
17.460860083239286,-1.0722899980101095
17.289781208265808,-0.7490975043682788
16.78166416872546,-0.9711086396512947
17.739753983799414,-0.5335027775690326
16.928897453239202,-1.318559360590066
16.220888200073716,-1.2559930605785747
16.09207189036022,-0.9070914183666705
15.58429157338466,-1.1529146818151044
15.43231967982285,-0.8337441919907396
14.942932259569936,-1.0521091780673888
15.073500223385373,-1.3755937632001538
14.79709795675945,-0.7535924708686947
14.350620712881842,-0.9553588706642258
15.911904036254645,-0.5993285035161006
14.189051816124211,-0.6736319471584612
15.733712494732634,-1.501724143711488
15.186140350327658,-1.704037604930045
14.472220468159364,-1.5978436639406335
14.617686650392965,-1.9328294672027169
14.72940080715873,-2.3187401805173806
14.088351760012308,-2.161751934561941
14.169153433029559,-2.4529307701274723
16.595398657013387,-0.6421891301774273
5.079874552966369,-0.7639008384241565
8.101112628493016,-1.1855719946636794
7.719170831009753,-1.060252070128776
8.906438451137447,-8.198370704533945
8.796017709803728,-7.7949816091805015
3.0176543743226576,-4.533675965586021
2.453073274183759,-4.507522894578078
5.696790963491887,-0.949665754992986
20.805469922275286,-0.9568598270245999
5.697782554445809,-5.339004919535443
12.22974332353505,-1.6419754056715972
11.941796624395595,-2.466411942323178
17.313507576020474,-3.5701346012695554
16.60767428931733,-3.4801897130514154
20.80489433526083,-1.7152495746120109
2.79965048102207,-3.9773778431774316
0.9242929258921468,-3.2954897836263797
2.3238606786965303,-2.570309833726656
5.04178297104558,-7.2040773658104635
4.944152272817886,-6.854619816224995
4.404011651039101,-7.100453625344008
4.320492505641958,-6.758239367846488
10.015649846291868,-0.39897274851582254
13.553450081828622,-4.038300131309206
12.924246599279863,-3.933241719790122
12.314440724295345,-4.163506471676263
12.8430505103962,-3.5787429966166675
6.877793117604699,-8.32841267666958
7.0495261580118855,-5.468471243860904
12.446214270226555,-4.537011982220287
7.031738077752843,-10.11041259939505
6.606407379775972,-9.753694324469697
5.408823187958679,-9.98255136871729
20.651126827170557,-3.7340685902765767
7.474002433481844,-4.8733422102527895
8.891158780064792,-0.6359926975982888
8.821425798549297,-0.4154617786371238
8.456234438520816,-0.347760485871803
8.745990725154938,-9.992510315932709
10.532864421349865,-1.384480149993431
10.991731562036163,-1.183725226489204
11.65500638745211,-1.5516043291700927
5.516125387264109,-6.585738462118936
6.181485170478867,-6.668597899631876
20.570939210250643,-4.552710187458685
19.8208578159184,-4.784285231665091
1.2077535262494234,-6.059674407810575
12.352553987034046,-0.5908667696199352
15.247037429684516,-6.556923729515463
2.9894924203199866,-1.7370741158839405
6.090988852958901,-0.06291716812733095
8.106664986021444,-6.556275101584005
19.110387799249995,-4.538577536295425
12.132338153066055,-1.3463030415961994
10.75341714456965,-0.21270932869825487
0.5663534221084779,-5.1437605314005905
14.38773182073249,-6.082992933481274
13.63752370486296,-6.0079786472326555
10.426284435200595,-9.963428052768984
10.049492149537787,-9.628779452009928
10.845463257806868,-9.600686694347946
10.464060603497412,-9.281757160198135
16.461842737795177,-3.146953722769807
6.710417577856869,-0.11590220579654026
4.655107911697099,-10.192758494880653
4.096789320223727,-9.843483355970358
20.741357899099313,-2.5383851098349366
20.60573323510392,-2.929262057130741
1.0095391280759212,-5.297635219399843
12.15698774216058,-3.119635985000122
15.869773902200869,-1.8264922172429934
14.847449716829717,-0.26272722399908705
5.142831250990284,-1.1899261338987104
16.061085387457613,-0.27439489636124015
0.6010656684067323,-7.904186127169536
15.042109429199494,-7.971088467754731
5.684529826928781,-8.913977249601272
0.6490394610236682,-9.673408503634565
1.2600848999110785,-9.405254554195663
10.53109987963789,-2.8208610218303325
10.99064013329741,-2.5932919973824995
17.634237065743203,-5.46346327411145
17.53317696765808,-5.057181826569595
16.923148820576884,-5.363221414498579
12.981909003474575,-0.22302796044025855
0.47090916157414947,-6.345149816951736
13.349086619349714,-3.3418736560765936
12.062974565199468,-9.917820214979304
6.893566429754116,-5.141358507130362
20.35527666729961,-6.157925039099719
19.629584584014406,-5.986530104632627
10.132138508385452,-7.637095392394806
0.5768618389615721,-2.0645832809044773
6.699027867370933,-0.6748905116592604
6.439706922097028,-0.11664348824343576
11.788328539926837,-0.2580655825906772
0.5193163656503543,-5.719999031874128
15.342054847391378,-3.6511674225089474
9.335677741215436,-0.17978344892497283
0.45549121522882,-4.389715134959424
0.9335485609927259,-4.2533842679263065
8.026447593946388,-0.15423336689970862
8.818976007550601,-2.876209521651864
7.318947625758021,-0.1291308026313683
0.449047941200157,-3.235443373755602
20.024240431598436,-3.5988963054007788
11.890788139075624,-4.798751231378341
14.314923852989704,-7.867182918461671
8.151341530830384,-4.944176103227185
7.523331196672815,-1.329229741333044
15.441919251200659,-9.800285472498977
17.148743774028105,-9.758887014192723
17.599275966903928,-9.379829460084759
18.4505014358881,-9.387051726840816
16.741312966582385,-9.4492463065496
18.811834289832337,-9.718981614503493
19.238099244250396,-9.394285381160614
20.251232532542858,-8.19896965484865
19.517088332749633,-8.417737290447835
19.51934554047363,-8.794687813770931
19.592468755298437,-8.002433084622483
20.216990160625823,-8.985466210576798
14.883371743122291,-9.424093920988259
10.21549104733789,-2.151673890645226
6.485896148678887,-4.219914002036939
10.51917818325038,-4.633709598006061
4.706815194356244,-4.359450689782403
14.51764979899817,-6.458766028647815
11.00661217951365,-5.98019207340367
13.846054533123612,-1.606143773513502
11.20427472046597,-6.728198920386062
2.133888355671168,-5.316001357667955
1.4222227290869989,-3.3203747588233297
1.8138347352556914,-2.5942675185227704
9.4878971361986,-1.2112993696247296
16.30998719378421,-5.63462218014814
1.162744133431248,-9.038008324953061
15.722655326073506,-4.697842746642161
6.070520203594422,-6.3271103046715105
16.74068558575107,-3.8368847104251844
16.115354550754006,-8.81889939714285
14.471364585455582,-1.2629753780063482
16.858047518538918,-7.138285692575074
5.094779542756149,-0.5766006942500591
17.155714276825094,-7.896792253653398
13.620700877451902,-1.0284131628213666
5.428871905437972,-2.9739748102310513
7.670807744768591,-2.713427700854485
17.31711405274508,-6.48964853987724
3.9362855431434385,-5.472374365117575
19.593651410716237,-6.808516225128819
5.9835760735289325,-1.6121392915091541
11.132027938890255,-8.47022830328605
8.90163267228853,-3.179438917605104
14.917386365138405,-7.587732214397186
18.274569940938026,-4.424402792691402
6.04646570942243,-3.0714426792260254
12.170447054156627,-7.547899892124831
13.063478733619563,-6.281073418228515
2.5409423256456667,-9.224910537931695
7.132510097778173,-7.427810797607181
12.752094095008376,-7.275772694660368
1.0983194360680513,-4.02383501983926
12.783501928749741,-5.579215203674171
10.407357204176062,-2.509081168471651
7.140848391909842,-2.327458907256265
9.667158119876532,-3.8990810486458853
10.187712998412662,-3.6729277024466613
15.042381803082948,-4.577574708223112
7.849268891567421,-9.135309537643561
10.890978167941235,-5.633311485983902
5.558124228358176,-5.024139481581327
9.875379715623618,-4.546494518768283
9.575193934038692,-5.448075597058311
7.304731553764077,-3.5341260464790563
18.32072829867617,-1.527703347169635
6.598497715766876,-7.680636601452046
4.454075424044221,-1.997893011806041
15.210993013420433,-3.310458707890314
3.909789115797894,-2.2625632061475245
4.474705178655241,-3.770287289995997
19.887219976809767,-2.0818479107939942
4.782639656822242,-6.172538547785268
2.904146404262548,-3.0749176893160777
3.8254283978949446,-5.165490855889694
17.380160654986863,-2.3513780740405745
2.5259555519594805,-6.514991560480619
6.518907155683918,-1.4542820188490442
4.34624064766447,-8.784525775971368
5.4663311495108236,-8.224284158058014
6.518489320406535,-1.95269802120011
7.947582714962887,-6.217838570974458
1.2500677854254358,-10.267959376518522
17.4572435826637,-6.866361721269993
8.775653419003586,-2.575841730902685
3.4341694426994787,-5.722208848177842
8.004630199231295,-9.4902129079698
11.271625704579765,-8.852851717109472
1.2518393056382486,-7.741172642396998
15.940283537885044,-9.440389552453729
7.809696413333301,-0.33179332263203837
20.12983862160292,-1.1422745460418748
8.524420048422705,-5.953563169157166
1.3075151406301009,-9.845302905256688
9.906744981512091,-1.042073834173957
15.901046285389508,-3.3991556120790856
18.45289554103998,-0.5762552874123121
10.426814743406954,-1.123913297524362
3.299173227419654,-6.895625919378036
20.4549126914248,-5.352866306485748
9.19469354061502,-6.028273485028969
17.601630353931217,-7.246036469613866
3.492760490020093,-1.698370175726024
2.6677768667646906,-6.820692598745032
0.4293597036977815,-2.7792919393224604
17.74660380922837,-7.62214900953382
9.989953156619217,-9.038602434102007
10.278428153469097,-3.9968793851385276
19.61579122075665,-9.72562475016684
13.472005241317854,-7.374928515649646
20.037794457308603,-2.421837791026007
0.6788317888562311,-3.9188957331024983
0.8978998624805726,-3.055891915235273
6.210161895371451,-5.08402486843108
4.870519745262712,-6.507534977438023
4.423951631395745,-2.2796483512360215
11.362409229323452,-2.3494696801394905
20.33452225514691,-7.395611482353457
13.598052567757732,-7.7611177811123
20.336160153639963,-6.981509910560115
13.483933440505965,-2.13927012063556
18.48518054673362,-7.730802359738648
10.377125674363066,-4.315487471934329
13.723635807535482,-8.13949832319278
4.958012562341548,-2.3211926522594966
18.84615911455126,-9.03539767925284
5.0681528547364,-3.822910788959749
13.50418347798541,-5.655563244788132
0.39239334337643145,-4.904438036665515
15.236118066310397,-0.5480463532547334
1.9496685377175103,-9.512457583905473
17.606768557463017,-9.005148291628155
8.409117319841787,-0.16355378568327167
3.748060372494352,-6.666081388438098
17.406857558726244,-0.2702994231126697
19.313310361049282,-3.505656333574277
6.561779508672393,-0.23165724179409658
18.79231178078268,-8.526648280527596
5.927577172202846,-0.08404628258924009
0.8762821347853639,-2.828010328433147
7.493576242362874,-9.774253030564715
16.31789899669463,-2.820274630095089
5.423255259567663,-2.684233260847895
20.02415650740287,-3.197205078510593
13.952789341438502,-5.057969786902844
13.599910771867247,-2.4405254799614022
3.9048531865406586,-7.773511872185317
11.803486335740983,-4.469122479646629
13.845652209266877,-9.867363511878883
10.271757191489963,-0.2016641627334535
11.333149412243602,-0.44651788275927995
10.536951754796908,-6.663166477830299
14.664818272852084,-5.13253137364166
5.944303204336706,-0.7213967011669842
13.565999003707853,-0.23117753495343754
17.04049539305967,-2.8975821744304
11.060484659544509,-4.401074449053196
13.166179980960848,-8.415123835519063
11.930416318624772,-3.9356528637786172
9.962417168819321,-6.915947277990769
9.712514098918662,-5.777657290836476
2.913803717816141,-10.301110261281405
8.135797424759476,-1.6829480902114273
11.625880194027939,-9.597744076132576
1.9282824077626215,-7.862806259015327
20.411219012919027,-0.28803106724777716
0.4713548340507039,-7.2366012181898824
10.507919121137094,-0.45152845911728723
7.415416362336069,-0.2731516106084544
9.485783715403805,-7.599545302412441
0.5455359889156887,-8.914178530915352
13.329045458492894,-8.79695252633721
0.9268508402675681,-5.556356835114986
18.121966027218647,-0.27923756488712875
1.796614362279233,-4.244580911078782
2.4619570950685197,-7.641361715488081
4.989277347041103,-8.866335972641405
19.509512783599728,-5.0930504560406735
10.362774189090697,-5.874361200543359
4.836794573483827,-9.821779212150707
4.7081359038162365,-0.6179013148989512
11.75549649839958,-3.3344216007734393
8.770289820599675,-2.31558520818947
0.990547590335209,-4.618815446304662
14.026932736544108,-8.88838090915792
18.282397063808915,-2.7445155278276263
3.153179080374146,-7.728089364677388
16.860209845738,-5.058616086715253
2.4054688674871083,-4.251041838182951
8.408017650947658,-7.546933861522434
20.19860865038115,-1.51394577622072
5.584824532624335,-8.563952751910978
14.18504059068356,-9.263718513776878
6.967890799222488,-3.9954540507012624
0.4390009225324553,-2.5605599386793036
19.663442886464335,-7.632621023109495
6.74522083608005,-8.002369758000652
5.166670920438023,-0.9577802930720277
6.18886943537993,-8.273645301035513
4.948714604582767,-2.6010189496418494
1.1820177643707586,-7.432949551511514
18.301002627624353,-4.802859132493289
5.697279629817369,-3.893229196538416
17.568055126086385,-2.6657255346897646
11.513022068431997,-2.682725135491609
7.564354112433099,-2.469587524687315
7.989519064379587,-7.798437524087719
7.294182609471436,-7.726471633853078
14.546738306718058,-0.4945162196703434
13.885480812610629,-0.4700683383232323
3.8577963477960417,-3.1363487124174463
4.403677168747934,-2.867332317427628
2.5825457510604193,-3.524201062221476
9.38026790749242,-9.66184239050569
5.980296156546768,-0.14082035107556798
0.757915115010859,-1.4865121946922135
5.159154268909006,-9.21680836227187
10.478994959370937,-6.223997030252009
11.622554347219138,-3.0125821302683
2.9071813295012436,-3.293361276577454
15.204653801470787,-4.901619015030836
1.1099869142318235,-6.84466996764676
20.076847998155575,-3.9227143782467953
12.325323240062879,-3.439945136891562
6.334648744703249,-3.9499551790414857
13.983237612072687,-1.8772812467611717
16.396444160765107,-9.149935591565036
6.970674992730113,-2.104649715747282
9.55853258259831,-0.3605566928279398
0.5074585001912999,-8.572648623387238
7.018279183516765,-1.4620314232960028
8.118858825324697,-0.46474264831836226
3.8473777752087384,-6.983927387590319
18.816350232404783,-2.528717527832508
6.172468932843134,-0.41187916208152137
5.305819368075329,-9.566380092626225
12.700392426537977,-0.43305989473808426
4.927877398922735,-0.4709400312289611
15.868333404269677,-4.97912288016202
17.091575169688422,-0.4932203509970092
19.8467013819945,-5.6642451730557
0.8712288528569972,-2.394701389728645
0.5565210832582963,-10.36999935595699
21.002211983614487,-0.2512198227868464
20.279274825834754,-9.740897914681387
19.535975577998506,-2.616675970625967
1.108040266750219,-5.085716291039874
7.712756397138105,-0.7351461977359647
3.9476344419443055,-7.282395369537095
13.920477828998264,-0.8576925741432976
9.446781697489458,-7.0885698729202815
7.120913193174824,-0.23007899388754768
3.3878145528634653,-9.99445810837437
7.701831349955833,-1.5370933238532476
6.182186669165029,-0.16424893636347218
0.3547603000560562,-6.611260172874648
19.090930042198366,-7.818484504718448
8.145158005369542,-3.9432646926698665
10.54346407864275,-0.7089312225211496
12.379959186920068,-9.614923114257845
1.0137168103805867,-8.39897752832112
19.97597165155556,-4.453909394391154
7.3490337352745065,-3.786654242408641
19.037769517863197,-6.0668323251648575
6.020175751346252,-0.048380312250922895
1.2841116091996387,-1.6901129606152698
14.230120390534408,-9.584258718937726
8.198949719630917,-9.784139893887781
10.899905849355948,-0.3945276467493328
17.139644196024438,-4.8246451574278515
18.16539769579227,-9.10927791576289
12.426298013395376,-3.7996736102394917
20.21919857552394,-2.691070873053168
5.381462703605084,-10.302212265871763
0.8403916320199464,-4.4560796440798445
9.124343449656154,-0.3271656529157988
8.122463616666902,-0.30117279681309667
14.036132515967694,-1.1379397249077337
7.330289690524854,-1.1059570843970277
8.164104628340773,-4.234341588204006
9.207893222624902,-1.8646396766766704
20.234507993564353,-1.8523023923973554
1.350073380861895,-4.197485145008127
1.680670065403393,-10.060318212024564
20.27742464275032,-0.5059622500976023
2.4616021201376324,-3.887000679140635
0.29432564671421035,-3.9271687815940624
19.611120685203137,-9.114018117899043
0.8851885480252553,-2.184882214330799
7.809676648018292,-0.8665158587895575
14.149130104071206,-1.4342487710650378
5.9721284014304645,-9.887521258228753
20.06106473893607,-5.12835444335283
12.159058032857956,-0.4033242749110647
19.375261385323768,-0.24450930841820717
4.715060570556724,-0.9746510304742947
16.315644114966705,-0.460127508071126
14.458105914579138,-2.6293263451050857
9.885991155176297,-9.360830057045229
17.123079915901435,-9.185152573084478
6.331674705437911,-1.7131478752853961
10.757676285555226,-9.001011477824257
0.9335311939108575,-6.25620899844521
